,Distance,Force,Intensity,Potential
0,1,9.216e-05,288000.0,288000.0
1,2,2.304e-05,72000.0,144000.0
2,3,1.024e-05,32000.0,96000.0
3,4,5.76e-06,18000.0,72000.0
4,5,3.6864e-06,11520.0,57600.0
5,6,2.56e-06,8000.0,48000.0
6,7,1.8808163265306121e-06,5877.551020408163,41142.857142857145
7,8,1.44e-06,4500.0,36000.0
8,9,1.1377777777777777e-06,3555.5555555555557,32000.0
9,10,9.216e-07,2880.0,28800.0
10,11,7.616528925619834e-07,2380.1652892561983,26181.81818181818
11,12,6.4e-07,2000.0,24000.0
12,13,5.453254437869822e-07,1704.1420118343194,22153.846153846152
13,14,4.7020408163265303e-07,1469.3877551020407,20571.428571428572
14,15,4.096e-07,1280.0,19200.0
15,16,3.6e-07,1125.0,18000.0
16,17,3.1889273356401386e-07,996.5397923875432,16941.176470588234
17,18,2.8444444444444443e-07,888.8888888888889,16000.0
18,19,2.5529085872576175e-07,797.7839335180056,15157.894736842105
19,20,2.304e-07,720.0,14400.0
20,21,2.089795918367347e-07,653.0612244897959,13714.285714285714
21,22,1.9041322314049586e-07,595.0413223140496,13090.90909090909
22,23,1.7421550094517957e-07,544.4234404536862,12521.739130434782
23,24,1.6e-07,500.0,12000.0
24,25,1.47456e-07,460.8,11520.0
25,26,1.3633136094674555e-07,426.03550295857985,11076.923076923076
26,27,1.2641975308641975e-07,395.0617283950617,10666.666666666666
27,28,1.1755102040816326e-07,367.3469387755102,10285.714285714286
28,29,1.0958382877526753e-07,342.44946492271106,9931.034482758621
29,30,1.024e-07,320.0,9600.0
30,31,9.590010405827264e-08,299.68782518210196,9290.322580645161
31,32,9e-08,281.25,9000.0
32,33,8.462809917355371e-08,264.46280991735534,8727.272727272728
33,34,7.972318339100347e-08,249.1349480968858,8470.588235294117
34,35,7.523265306122449e-08,235.10204081632654,8228.57142857143
35,36,7.111111111111111e-08,222.22222222222223,8000.0
36,37,6.731921110299489e-08,210.37253469685902,7783.783783783784
37,38,6.382271468144044e-08,199.4459833795014,7578.9473684210525
38,39,6.059171597633136e-08,189.3491124260355,7384.615384615385
39,40,5.76e-08,180.0,7200.0
40,41,5.482450922070196e-08,171.32659131469364,7024.390243902439
41,42,5.2244897959183676e-08,163.26530612244898,6857.142857142857
42,43,4.9843158464034615e-08,155.75987020010817,6697.674418604651
43,44,4.7603305785123965e-08,148.7603305785124,6545.454545454545
44,45,4.551111111111111e-08,142.22222222222223,6400.0
45,46,4.355387523629489e-08,136.10586011342156,6260.869565217391
46,47,4.172023540063377e-08,130.37573562698054,6127.659574468085
47,48,4e-08,125.0,6000.0
48,49,3.838400666389005e-08,119.95002082465639,5877.551020408163
49,50,3.6864e-08,115.2,5760.0
50,51,3.543252595155709e-08,110.72664359861592,5647.058823529412
51,52,3.408284023668639e-08,106.50887573964496,5538.461538461538
52,53,3.280882876468494e-08,102.52758988964044,5433.962264150943
53,54,3.160493827160494e-08,98.76543209876543,5333.333333333333
54,55,3.046611570247934e-08,95.20661157024793,5236.363636363636
55,56,2.9387755102040815e-08,91.83673469387755,5142.857142857143
56,57,2.8365650969529087e-08,88.6426592797784,5052.631578947368
57,58,2.7395957193816883e-08,85.61236623067776,4965.517241379311
58,59,2.647515081873025e-08,82.73484630853203,4881.35593220339
59,60,2.56e-08,80.0,4800.0
60,61,2.4767535608707338e-08,77.39854877721042,4721.311475409836
61,62,2.397502601456816e-08,74.92195629552549,4645.1612903225805
62,63,2.321995464852608e-08,72.56235827664399,4571.428571428572
63,64,2.25e-08,70.3125,4500.0
64,65,2.181301775147929e-08,68.16568047337279,4430.7692307692305
65,66,2.1157024793388428e-08,66.11570247933884,4363.636363636364
66,67,2.0530184896413454e-08,64.15682780129205,4298.507462686567
67,68,1.9930795847750866e-08,62.28373702422145,4235.294117647059
68,69,1.935727788279773e-08,60.49149338374291,4173.913043478261
69,70,1.8808163265306122e-08,58.775510204081634,4114.285714285715
70,71,1.8282086887522315e-08,57.13152152350724,4056.3380281690143
71,72,1.7777777777777777e-08,55.55555555555556,4000.0
72,73,1.7294051416776132e-08,54.04391067742541,3945.205479452055
73,74,1.682980277574872e-08,52.593133674214755,3891.891891891892
74,75,1.6384e-08,51.2,3840.0
75,76,1.595567867036011e-08,49.86149584487535,3789.4736842105262
76,77,1.554393658289762e-08,48.57480182155507,3740.2597402597403
77,78,1.514792899408284e-08,47.337278106508876,3692.3076923076924
78,79,1.476686428456978e-08,46.146450889280565,3645.5696202531644
79,80,1.44e-08,45.0,3600.0
80,81,1.4046639231824417e-08,43.895747599451305,3555.5555555555557
81,82,1.370612730517549e-08,42.83164782867341,3512.1951219512193
82,83,1.337784874437509e-08,41.805777326172155,3469.879518072289
83,84,1.3061224489795919e-08,40.816326530612244,3428.5714285714284
84,85,1.2755709342560554e-08,39.86159169550173,3388.235294117647
85,86,1.2460789616008654e-08,38.93996755002704,3348.8372093023254
86,87,1.2175980975029727e-08,38.049940546967896,3310.344827586207
87,88,1.1900826446280991e-08,37.1900826446281,3272.7272727272725
88,89,1.1634894584017169e-08,36.359045575053656,3235.955056179775
89,90,1.1377777777777778e-08,35.55555555555556,3200.0
90,91,1.112909068953025e-08,34.778408404782034,3164.835164835165
91,92,1.0888468809073723e-08,34.02646502835539,3130.4347826086955
92,93,1.0655567117585847e-08,33.29864724245577,3096.7741935483873
93,94,1.0430058850158443e-08,32.593933906745136,3063.8297872340427
94,95,1.021163434903047e-08,31.911357340720222,3031.5789473684213
95,96,1e-08,31.25,3000.0
96,97,9.794877245190774e-09,30.60899139122117,2969.0721649484535
97,98,9.596001665972512e-09,29.987505206164098,2938.7755102040815
98,99,9.403122130394858e-09,29.38475665748393,2909.090909090909
99,100,9.216e-09,28.8,2880.0
100,101,9.034408391334182e-09,28.232526222919322,2851.4851485148515
101,102,8.858131487889273e-09,27.68166089965398,2823.529411764706
102,103,8.68696389857668e-09,27.146762183052125,2796.116504854369
103,104,8.520710059171597e-09,26.62721893491124,2769.230769230769
104,105,8.359183673469387e-09,26.122448979591837,2742.8571428571427
105,106,8.202207191171234e-09,25.63189747241011,2716.9811320754716
106,107,8.049611319765919e-09,25.155035374268493,2691.588785046729
107,108,7.901234567901234e-09,24.691358024691358,2666.6666666666665
108,109,7.756922817944618e-09,24.24038380607693,2642.201834862385
109,110,7.616528925619835e-09,23.801652892561982,2618.181818181818
110,111,7.479912344777209e-09,23.37472607742878,2594.5945945945946
111,112,7.346938775510204e-09,22.959183673469386,2571.4285714285716
112,113,7.217479833972903e-09,22.554624481165323,2548.6725663716816
113,114,7.091412742382272e-09,22.1606648199446,2526.315789473684
114,115,6.968620037807183e-09,21.776937618147446,2504.3478260869565
115,116,6.848989298454221e-09,21.40309155766944,2482.7586206896553
116,117,6.73241288625904e-09,21.0387902695595,2461.5384615384614
117,118,6.6187877046825625e-09,20.683711577133007,2440.677966101695
118,119,6.50801497069416e-09,20.33754678341925,2420.168067226891
119,120,6.4e-09,20.0,2400.0
120,121,6.294652004644491e-09,19.670787514514036,2380.1652892561983
121,122,6.1918839021768345e-09,19.349637194302606,2360.655737704918
122,123,6.091612135633552e-09,19.036287923854847,2341.4634146341464
123,124,5.99375650364204e-09,18.730489073881373,2322.5806451612902
124,125,5.89824e-09,18.432,2304.0
125,126,5.80498866213152e-09,18.140589569160998,2285.714285714286
126,127,5.7139314278628555e-09,17.856035712071424,2267.716535433071
127,128,5.625e-09,17.578125,2250.0
128,129,5.538128718226068e-09,17.306652244456462,2232.5581395348836
129,130,5.4532544378698225e-09,17.041420118343197,2215.3846153846152
130,131,5.370316415127324e-09,16.782238797272885,2198.4732824427483
131,132,5.289256198347107e-09,16.52892561983471,2181.818181818182
132,133,5.210017525015546e-09,16.281304765673582,2165.4135338345864
133,134,5.1325462241033636e-09,16.039206950323013,2149.2537313432836
134,135,5.05679012345679e-09,15.802469135802468,2133.3333333333335
135,136,4.9826989619377166e-09,15.570934256055363,2117.6470588235293
136,137,4.910224306036549e-09,15.344450956364218,2102.189781021898
137,138,4.839319470699433e-09,15.122873345935728,2086.9565217391305
138,139,4.7699394441281505e-09,14.906060762900472,2071.9424460431655
139,140,4.7020408163265306e-09,14.693877551020408,2057.1428571428573
140,141,4.63558171118153e-09,14.48619284744228,2042.5531914893618
141,142,4.570521721880579e-09,14.28288038087681,2028.1690140845071
142,143,4.506821849479192e-09,14.083818279622475,2013.986013986014
143,144,4.444444444444444e-09,13.88888888888889,2000.0
144,145,4.383353151010702e-09,13.697978596908442,1986.2068965517242
145,146,4.323512854194033e-09,13.510977669356352,1972.6027397260275
146,147,4.264889629321116e-09,13.327780091628489,1959.1836734693877
147,148,4.20745069393718e-09,13.148283418553689,1945.945945945946
148,149,4.151164361965677e-09,12.972388631142742,1932.8859060402685
149,150,4.096e-09,12.8,1920.0
150,151,4.041927985614666e-09,12.631024955045831,1907.2847682119204
151,152,3.988919667590027e-09,12.465373961218837,1894.7368421052631
152,153,3.936947327950788e-09,12.302960399846214,1882.3529411764705
153,154,3.885984145724405e-09,12.143700455388768,1870.1298701298701
154,155,3.8360041623309055e-09,11.987513007284079,1858.0645161290322
155,156,3.78698224852071e-09,11.834319526627219,1846.1538461538462
156,157,3.7388940727818574e-09,11.684043977443304,1834.3949044585988
157,158,3.691716071142445e-09,11.536612722320141,1822.7848101265822
158,159,3.6454254182983267e-09,11.39195443218227,1811.3207547169811
159,160,3.6e-09,11.25,1800.0
160,161,3.5554183866363178e-09,11.110682458238493,1788.8198757763976
161,162,3.511659807956104e-09,10.973936899862826,1777.7777777777778
162,163,3.4687041288719935e-09,10.839700402724981,1766.8711656441717
163,164,3.4265318262938725e-09,10.707911957168353,1756.0975609756097
164,165,3.3851239669421487e-09,10.578512396694215,1745.4545454545455
165,166,3.3444621860937726e-09,10.451444331543039,1734.9397590361446
166,167,3.3045286672164653e-09,10.326652085051453,1724.5508982035929
167,168,3.2653061224489797e-09,10.204081632653061,1714.2857142857142
168,169,3.226777773887469e-09,10.08368054339834,1704.1420118343194
169,170,3.1889273356401384e-09,9.965397923875432,1694.1176470588234
170,171,3.151738996614343e-09,9.849184364419822,1684.2105263157894
171,172,3.1151974040021634e-09,9.73499188750676,1674.4186046511627
172,173,3.079287647432256e-09,9.622773898225802,1664.7398843930637
173,174,3.0439952437574317e-09,9.512485136741974,1655.1724137931035
174,175,3.0093061224489794e-09,9.404081632653062,1645.7142857142858
175,176,2.975206611570248e-09,9.297520661157025,1636.3636363636363
176,177,2.941683424303361e-09,9.192760700948003,1627.1186440677966
177,178,2.9087236460042923e-09,9.089761393763414,1617.9775280898875
178,179,2.8763147217627416e-09,8.988483505508567,1608.9385474860335
179,180,2.8444444444444444e-09,8.88888888888889,1600.0
180,181,2.813100943194652e-09,8.790940447483289,1591.1602209944751
181,182,2.7822726723825625e-09,8.694602101195509,1582.4175824175825
182,183,2.7519484009674817e-09,8.59983875302338,1573.7704918032787
183,184,2.7221172022684308e-09,8.506616257088847,1565.2173913043478
184,185,2.6927684441197955e-09,8.41490138787436,1556.7567567567567
185,186,2.6638917793964618e-09,8.324661810613943,1548.3870967741937
186,187,2.6354771368926763e-09,8.235866052789614,1540.1069518716577
187,188,2.6075147125396107e-09,8.148483476686284,1531.9148936170213
188,189,2.579994960947342e-09,8.062484252960443,1523.8095238095239
189,190,2.5529085872576177e-09,7.977839335180056,1515.7894736842106
190,191,2.5262465392944273e-09,7.894520435295085,1507.8534031413612
191,192,2.5e-09,7.8125,1500.0
192,193,2.4741603801444333e-09,7.731751187951354,1492.2279792746115
193,194,2.4487193112976936e-09,7.652247847805293,1484.5360824742268
194,195,2.4236686390532545e-09,7.57396449704142,1476.923076923077
195,196,2.399000416493128e-09,7.4968763015410245,1469.3877551020407
196,197,2.3747068978845114e-09,7.420959055889098,1461.9289340101523
197,198,2.3507805325987146e-09,7.3461891643709825,1454.5454545454545
198,199,2.3272139592434533e-09,7.2725436226357925,1447.2361809045226
199,200,2.304e-09,7.2,1440.0
200,201,2.2811316551570506e-09,7.128536422365783,1432.8358208955224
201,202,2.2586020978335456e-09,7.0581315557298305,1425.7425742574258
202,203,2.236404668883011e-09,6.988764590259409,1418.71921182266
203,204,2.2145328719723183e-09,6.920415224913495,1411.764705882353
204,205,2.1929803688280784e-09,6.853063652587745,1404.878048780488
205,206,2.17174097464417e-09,6.786690545763031,1398.0582524271845
206,207,2.1508086536441925e-09,6.721277042638102,1391.304347826087
207,208,2.130177514792899e-09,6.65680473372781,1384.6153846153845
208,209,2.1098418076509235e-09,6.593255648909136,1377.9904306220096
209,210,2.089795918367347e-09,6.530612244897959,1371.4285714285713
210,211,2.070034365804901e-09,6.468857393140316,1364.9289099526065
211,212,2.0505517977928086e-09,6.407974368102527,1358.4905660377358
212,213,2.0313429875024795e-09,6.347946835945249,1352.112676056338
213,214,2.0124028299414797e-09,6.288758843567123,1345.7943925233644
214,215,1.9937263385613846e-09,6.230394808004327,1339.5348837209303
215,216,1.9753086419753086e-09,6.172839506172839,1333.3333333333333
216,217,1.957144980781074e-09,6.116078064940857,1327.188940092166
217,218,1.9392307044861544e-09,6.060095951519233,1321.1009174311926
218,219,1.9215612685306814e-09,6.004878964158379,1315.0684931506848
219,220,1.9041322314049588e-09,5.950413223140496,1309.090909090909
220,221,1.88693925185807e-09,5.896685162056469,1303.1674208144796
221,222,1.8699780861943022e-09,5.843681519357195,1297.2972972972973
222,223,1.853244585654246e-09,5.791389330169519,1291.4798206278026
223,224,1.836734693877551e-09,5.739795918367347,1285.7142857142858
224,225,1.8204444444444444e-09,5.688888888888889,1280.0
225,226,1.8043699584932257e-09,5.638656120291331,1274.3362831858408
226,227,1.7885074424110694e-09,5.589085757534592,1268.7224669603524
227,228,1.772853185595568e-09,5.54016620498615,1263.157894736842
228,229,1.7574035582845483e-09,5.491886119639213,1257.64192139738
229,230,1.7421550094517958e-09,5.444234404536862,1252.1739130434783
230,231,1.7271040647664023e-09,5.397200202395007,1246.7532467532467
231,232,1.7122473246135552e-09,5.35077288941736,1241.3793103448277
232,233,1.6975814621746578e-09,5.304942069295806,1236.0515021459228
233,234,1.68310322156476e-09,5.259697567389875,1230.7692307692307
234,235,1.6688094160253509e-09,5.215029425079221,1225.531914893617
235,236,1.6546969261706406e-09,5.170927894283252,1220.3389830508474
236,237,1.6407626982855311e-09,5.127383432142285,1215.1898734177216
237,238,1.62700374267354e-09,5.084386695854812,1210.0840336134454
238,239,1.6134171320530102e-09,5.041928537665657,1205.020920502092
239,240,1.6e-09,5.0,1200.0
240,241,1.5867495394363045e-09,4.958592310738451,1195.0207468879669
241,242,1.5736630011611228e-09,4.917696878628509,1190.0826446280992
242,243,1.5607376924249352e-09,4.877305288827922,1185.1851851851852
243,244,1.5479709755442086e-09,4.837409298575651,1180.327868852459
244,245,1.5353602665556019e-09,4.798000832986256,1175.5102040816328
245,246,1.522903033908388e-09,4.759071980963712,1170.7317073170732
246,247,1.5105967971938567e-09,4.720614991230802,1165.991902834008
247,248,1.49843912591051e-09,4.682622268470343,1161.2903225806451
248,249,1.4864276382638989e-09,4.645086369574685,1156.6265060240964
249,250,1.47456e-09,4.608,1152.0
250,251,1.4628339232710592e-09,4.57135601022206,1147.410358565737
251,252,1.45124716553288e-09,4.535147392290249,1142.857142857143
252,253,1.4397975284725586e-09,4.499367276476746,1138.3399209486165
253,254,1.4284828569657139e-09,4.464008928017856,1133.8582677165355
254,255,1.4173010380622836e-09,4.429065743944637,1129.4117647058824
255,256,1.40625e-09,4.39453125,1125.0
256,257,1.395327711244682e-09,4.360399097639631,1120.6225680933853
257,258,1.384532179556517e-09,4.3266630611141155,1116.2790697674418
258,259,1.3738614510815282e-09,4.2933170346297755,1111.969111969112
259,260,1.3633136094674556e-09,4.260355029585799,1107.6923076923076
260,261,1.352886775003303e-09,4.227771171885322,1103.448275862069
261,262,1.342579103781831e-09,4.195559699318221,1099.2366412213742
262,263,1.3323887868842978e-09,4.163714959013431,1095.0570342205324
263,264,1.3223140495867768e-09,4.132231404958677,1090.909090909091
264,265,1.3123531505873976e-09,4.101103595585617,1086.7924528301887
265,266,1.3025043812538866e-09,4.0703261914183955,1082.7067669172932
266,267,1.2927660648907967e-09,4.039893952783739,1078.6516853932585
267,268,1.2831365560258409e-09,4.009801737580753,1074.6268656716418
268,269,1.2736142397147635e-09,3.9800444991086357,1070.631970260223
269,270,1.2641975308641976e-09,3.950617283950617,1066.6666666666667
270,271,1.254884873571983e-09,3.9215152299124467,1062.7306273062732
271,272,1.2456747404844291e-09,3.8927335640138407,1058.8235294117646
272,273,1.2365656321700277e-09,3.864267600531337,1054.9450549450548
273,274,1.2275560765091373e-09,3.8361127390910545,1051.094890510949
274,275,1.2186446280991735e-09,3.8082644628099174,1047.2727272727273
275,276,1.2098298676748582e-09,3.780718336483932,1043.4782608695652
276,277,1.2011104015430932e-09,3.7534700048221663,1039.71119133574
277,278,1.1924848610320376e-09,3.726515190725118,1035.9712230215828
278,279,1.183951901953983e-09,3.6998496936061973,1032.258064516129
279,280,1.1755102040816326e-09,3.673469387755102,1028.5714285714287
280,281,1.1671584706374032e-09,3.647370220741885,1024.9110320284697
281,282,1.1588954277953824e-09,3.62154821186057,1021.2765957446809
282,283,1.1507198241955824e-09,3.595999450611195,1017.6678445229682
283,284,1.1426304304701447e-09,3.5707200952192024,1014.0845070422536
284,285,1.1346260387811634e-09,3.5457063711911356,1010.5263157894736
285,286,1.126705462369798e-09,3.520954569905619,1006.993006993007
286,287,1.1188675351163665e-09,3.4964610472386455,1003.4843205574913
287,288,1.111111111111111e-09,3.4722222222222223,1000.0
288,289,1.103435064235342e-09,3.4482345757354436,996.5397923875432
289,290,1.0958382877526754e-09,3.4244946492271104,993.1034482758621
290,291,1.0883196939100862e-09,3.400999043469019,989.6907216494845
291,292,1.0808782135485082e-09,3.377744417339088,986.3013698630137
292,293,1.0735127957227225e-09,3.3547274866335077,982.9351535836178
293,294,1.066222407330279e-09,3.331945022907122,979.5918367346939
294,295,1.05900603274921e-09,3.309393852341281,976.271186440678
295,296,1.051862673484295e-09,3.287070854638422,972.972972972973
296,297,1.0447913478216508e-09,3.264972961942659,969.6969696969697
297,298,1.0377910904914192e-09,3.2430971577856855,966.4429530201343
298,299,1.0308609523383407e-09,3.2214404760573148,963.2107023411371
299,300,1.024e-09,3.2,960.0
300,301,1.0172073155925432e-09,3.1787728612266974,956.8106312292359
301,302,1.0104819964036665e-09,3.1577562387614577,953.6423841059602
302,303,1.003823154592687e-09,3.1369473581021468,950.4950495049505
303,304,9.972299168975068e-10,3.1163434903047094,947.3684210526316
304,305,9.907014243482935e-10,3.095941951088417,944.2622950819672
305,306,9.84236831987697e-10,3.0757400999615534,941.1764705882352
306,307,9.778353085974388e-10,3.055735339366996,938.1107491856677
307,308,9.714960364311013e-10,3.035925113847192,935.0649350649351
308,309,9.652182109529644e-10,3.016306909228014,932.0388349514564
309,310,9.590010405827264e-10,2.9968782518210197,929.0322580645161
310,311,9.52843746445963e-10,2.9776367076436348,926.0450160771704
311,312,9.467455621301776e-10,2.9585798816568047,923.0769230769231
312,313,9.407057334462941e-10,2.9397054170196695,920.1277955271565
313,314,9.347235181954644e-10,2.921010994360826,917.1974522292994
314,315,9.287981859410431e-10,2.9024943310657596,914.2857142857143
315,316,9.229290177856113e-10,2.8841531805800353,911.3924050632911
316,317,9.171153061529122e-10,2.8659853317278507,908.5173501577287
317,318,9.113563545745817e-10,2.8479886080455676,905.6603773584906
318,319,9.056514774815499e-10,2.8301608671298433,902.8213166144201
319,320,9e-10,2.8125,900.0
320,321,8.944012577517687e-10,2.795003930474277,897.196261682243
321,322,8.888545966590794e-10,2.7776706145596233,894.4099378881988
322,323,8.83359372753501e-10,2.7604980398546903,891.640866873065
323,324,8.77914951989026e-10,2.7434842249657065,888.8888888888889
324,325,8.725207100591716e-10,2.7266272189349112,886.1538461538462
325,326,8.671760322179984e-10,2.7099251006812453,883.4355828220858
326,327,8.618803131049575e-10,2.693375978452992,880.7339449541284
327,328,8.566329565734681e-10,2.676977989292088,878.0487804878048
328,329,8.514333755231381e-10,2.660729298509807,875.3799392097264
329,330,8.462809917355372e-10,2.644628099173554,872.7272727272727
330,331,8.411752357134382e-10,2.6286726116044945,870.0906344410876
331,332,8.361155465234432e-10,2.6128610828857597,867.4698795180723
332,333,8.311013716419122e-10,2.5971917863809755,864.8648648648649
333,334,8.261321668041163e-10,2.5816630212628633,862.2754491017964
334,335,8.212073958565382e-10,2.566273112051682,859.7014925373135
335,336,8.163265306122449e-10,2.5510204081632653,857.1428571428571
336,337,8.114890507092604e-10,2.535903283466439,854.5994065281899
337,338,8.066944434718672e-10,2.520920135849585,852.0710059171597
338,339,8.01942203774767e-10,2.5060693867961468,849.5575221238938
339,340,7.972318339100346e-10,2.491349480968858,847.0588235294117
340,341,7.925628434567986e-10,2.4767588858024956,844.5747800586511
341,342,7.879347491535857e-10,2.4622960911049554,842.1052631578947
342,343,7.833470747732663e-10,2.447959608666457,839.6501457725948
343,344,7.787993510005409e-10,2.43374797187669,837.2093023255813
344,345,7.742911153119093e-10,2.4196597353497165,834.7826086956521
345,346,7.69821911858064e-10,2.4056934745564504,832.3699421965318
346,347,7.653912913486533e-10,2.3918477854645417,829.9711815561959
347,348,7.609988109393579e-10,2.3781212841854935,827.5862068965517
348,349,7.566440341212305e-10,2.3645126066288453,825.214899713467
349,350,7.523265306122448e-10,2.3510204081632655,822.8571428571429
350,351,7.480458762510044e-10,2.3376433632843887,820.5128205128206
351,352,7.43801652892562e-10,2.324380165289256,818.1818181818181
352,353,7.395934483063021e-10,2.311229525957194,815.8640226628895
353,354,7.354208560758402e-10,2.298190175237001,813.5593220338983
354,355,7.312834755008927e-10,2.28526086094029,811.2676056338029
355,356,7.271809115010731e-10,2.2724403484408535,808.9887640449438
356,357,7.231127745215734e-10,2.2597274203799165,806.7226890756302
357,358,7.190786804406854e-10,2.2471208763771418,804.4692737430167
358,359,7.150782504791241e-10,2.234619532747263,802.2284122562675
359,360,7.111111111111111e-10,2.2222222222222223,800.0
360,361,7.071768939771794e-10,2.209927793678686,797.7839335180056
361,362,7.03275235798663e-10,2.197735111870822,795.5801104972376
362,363,6.994057782938323e-10,2.1856430571682264,793.3884297520661
363,364,6.955681680956406e-10,2.173650525298877,791.2087912087912
364,365,6.917620566710452e-10,2.1617564270970164,789.0410958904109
365,366,6.879871002418704e-10,2.149959688255845,786.8852459016393
366,367,6.842429597071773e-10,2.138259249084929,784.741144414169
367,368,6.805293005671077e-10,2.126654064272212,782.6086956521739
368,369,6.768457928481723e-10,2.1151431026505385,780.4878048780488
369,370,6.731921110299489e-10,2.10372534696859,778.3783783783783
370,371,6.695679339731621e-10,2.0923997936661314,776.2803234501348
371,372,6.659729448491154e-10,2.0811654526534857,774.1935483870968
372,373,6.624068310704454e-10,2.070021347095142,772.1179624664879
373,374,6.588692842231691e-10,2.0589665131974035,770.0534759358288
374,375,6.5536e-10,2.048,768.0
375,376,6.518786781349027e-10,2.037120869171571,765.9574468085107
376,377,6.484250223388612e-10,2.0263281948089413,763.9257294429708
377,378,6.449987402368355e-10,2.015621063240111,761.9047619047619
378,379,6.415995433058806e-10,2.004998572830877,759.8944591029024
379,380,6.382271468144044e-10,1.994459833795014,757.8947368421053
380,381,6.348812697625396e-10,1.984003968007936,755.9055118110236
381,382,6.315616348236068e-10,1.9736301088237713,753.9267015706806
382,383,6.282679682866472e-10,1.9633374008957727,751.958224543081
383,384,6.25e-10,1.953125,750.0
384,385,6.217574633159048e-10,1.9429920728622028,748.0519480519481
385,386,6.185400950361083e-10,1.9329377969878385,746.1139896373057
386,387,6.15347635358452e-10,1.9229613604951625,744.1860465116279
387,388,6.121798278244234e-10,1.9130619619513232,742.2680412371134
388,389,6.090364192676495e-10,1.9032388102114048,740.3598971722365
389,390,6.059171597633136e-10,1.893491124260355,738.4615384615385
390,391,6.028218025784761e-10,1.8838181330577377,736.5728900255755
391,392,5.99750104123282e-10,1.8742190753852561,734.6938775510204
392,393,5.96701823903036e-10,1.8646931996969873,732.824427480916
393,394,5.936767244711279e-10,1.8552397639722744,730.9644670050761
394,395,5.906745713827912e-10,1.8458580355712226,729.1139240506329
395,396,5.876951331496786e-10,1.8365472910927456,727.2727272727273
396,397,5.847381811952363e-10,1.8273068162351134,725.4408060453401
397,398,5.818034898108633e-10,1.8181359056589481,723.6180904522613
398,399,5.788908361128385e-10,1.8090338628526204,721.8045112781955
399,400,5.76e-10,1.8,720.0
400,401,5.731307641121634e-10,1.791033637850511,718.2044887780548
401,402,5.702829137892626e-10,1.7821341055914457,716.4179104477612
402,403,5.67456237031199e-10,1.773300740722497,714.6401985111662
403,404,5.646505244583864e-10,1.7645328889324576,712.8712871287129
404,405,5.618655692729766e-10,1.755829903978052,711.1111111111111
405,406,5.591011672207528e-10,1.7471911475648523,709.35960591133
406,407,5.563571165536767e-10,1.7386159892302397,707.6167076167076
407,408,5.536332179930796e-10,1.7301038062283738,705.8823529411765
408,409,5.509292746934798e-10,1.7216539834171245,704.1564792176039
409,410,5.482450922070196e-10,1.7132659131469363,702.439024390244
410,411,5.455804784485055e-10,1.7049389951515797,700.7299270072992
411,412,5.429352436610425e-10,1.6966726364407578,699.0291262135922
412,413,5.4030920038225e-10,1.6884662511945312,697.3365617433413
413,414,5.377021634110481e-10,1.6803192606595254,695.6521739130435
414,415,5.351139497750036e-10,1.6722310930468864,693.9759036144578
415,416,5.325443786982248e-10,1.6642011834319526,692.3076923076923
416,417,5.299932715697946e-10,1.656228973655608,690.6474820143885
417,418,5.274604519127309e-10,1.648313912227284,688.9952153110048
418,419,5.249457453534669e-10,1.640455454229584,687.3508353221957
419,420,5.224489795918367e-10,1.6326530612244898,685.7142857142857
420,421,5.199699843715619e-10,1.6249062011611308,684.085510688836
421,422,5.175085914512252e-10,1.617214348285079,682.4644549763033
422,423,5.150646345757256e-10,1.6095769830491424,680.8510638297872
423,424,5.126379494482022e-10,1.6019935920256319,679.2452830188679
424,425,5.102283737024221e-10,1.5944636678200692,677.6470588235294
425,426,5.078357468756199e-10,1.5869867089863123,676.056338028169
426,427,5.054599103817824e-10,1.57956221994307,674.4730679156909
427,428,5.031007074853699e-10,1.5721897108917808,672.8971962616822
428,429,5.007579832754658e-10,1.5648686977358306,671.3286713286714
429,430,4.984315846403461e-10,1.5575987020010817,669.7674418604652
430,431,4.96121360242462e-10,1.5503792507576941,668.2134570765661
431,432,4.938271604938271e-10,1.5432098765432098,666.6666666666666
432,433,4.915488375318019e-10,1.5360901172868808,665.1270207852194
433,434,4.892862451952685e-10,1.5290195162352143,663.594470046083
434,435,4.870392390011891e-10,1.521997621878716,662.0689655172414
435,436,4.848076761215386e-10,1.5150239878798082,660.5504587155963
436,437,4.825914153606082e-10,1.5080981730019007,659.0389016018306
437,438,4.803903171326703e-10,1.5012197410395947,657.5342465753424
438,439,4.782042434399987e-10,1.494388260749996,656.0364464692483
439,440,4.760330578512397e-10,1.487603305785124,654.5454545454545
440,441,4.73876625480124e-10,1.4808644546253875,653.0612244897959
441,442,4.717348129645175e-10,1.4741712905141173,651.5837104072398
442,443,4.69607488445801e-10,1.4675234013931282,650.1128668171558
443,444,4.674945215485756e-10,1.4609203798392987,648.6486486486486
444,445,4.653957833606868e-10,1.4543618230021462,647.1910112359551
445,446,4.633111464135615e-10,1.4478473325423797,645.7399103139013
446,447,4.61240484662853e-10,1.4413765145714157,644.2953020134228
447,448,4.5918367346938773e-10,1.4349489795918366,642.8571428571429
448,449,4.5714058958040884e-10,1.4285643424387775,641.4253897550111
449,450,4.551111111111111e-10,1.4222222222222223,640.0
450,451,4.530951175264625e-10,1.4159222422701954,638.5809312638581
451,452,4.510924896233064e-10,1.4096640300728327,637.1681415929204
452,453,4.4910310951274066e-10,1.4034472172273147,635.7615894039735
453,454,4.4712686060276735e-10,1.397271439383648,634.3612334801762
454,455,4.4516362758121e-10,1.3911363361912812,632.967032967033
455,456,4.43213296398892e-10,1.3850415512465375,631.578947368421
456,457,4.4127575425307277e-10,1.3789867320408524,630.1969365426696
457,458,4.3935088957113707e-10,1.3729715299098033,628.82096069869
458,459,4.3743859199453203e-10,1.3669955999829126,627.4509803921569
459,460,4.3553875236294894e-10,1.3610586011342154,626.0869565217391
460,461,4.3365126269874507e-10,1.3551601959335784,624.7288503253797
461,462,4.317760161916006e-10,1.3493000505987518,623.3766233766233
462,463,4.2991290718340804e-10,1.3434778349481502,622.0302375809936
463,464,4.280618311533888e-10,1.33769322235434,620.6896551724138
464,465,4.262226847034339e-10,1.331945889698231,619.3548387096774
465,466,4.2439536554366444e-10,1.3262355173239515,618.0257510729614
466,467,4.225797724782084e-10,1.3205617889944015,616.7023554603854
467,468,4.2077580539119e-10,1.3149243918474687,615.3846153846154
468,469,4.1898336523292763e-10,1.3093230163528988,614.0724946695096
469,470,4.172023540063377e-10,1.3037573562698053,612.7659574468086
470,471,4.154326747535397e-10,1.2982271086048116,611.4649681528663
471,472,4.1367423154266015e-10,1.292731973570813,610.1694915254237
472,473,4.119269294548315e-10,1.2872716545463485,608.8794926004229
473,474,4.101906745713828e-10,1.2818458580355712,607.5949367088608
474,475,4.0846537396121884e-10,1.2764542936288088,606.3157894736842
475,476,4.06750935668385e-10,1.271096673963703,605.0420168067227
476,477,4.050472686998141e-10,1.265772714686919,603.7735849056604
477,478,4.0335428301325255e-10,1.2604821344164143,602.510460251046
478,479,4.01671889505363e-10,1.2552246547042596,601.2526096033403
479,480,4e-10,1.25,600.0
480,481,3.9833852723665614e-10,1.2448078976145505,598.7525987525987
481,482,3.966873848590761e-10,1.2396480776846128,597.5103734439834
482,483,3.9504648740403533e-10,1.2345202731376104,596.2732919254659
483,484,3.934157502902807e-10,1.2294242196571272,595.0413223140496
484,485,3.91795089807631e-10,1.2243596556488467,593.8144329896908
485,486,3.901844231062338e-10,1.2193263222069806,592.5925925925926
486,487,3.8858366818597707e-10,1.2143239630811784,591.3757700205339
487,488,3.8699274388605216e-10,1.2093523246439128,590.1639344262295
488,489,3.8541156987466593e-10,1.204411155858331,588.9570552147239
489,490,3.8384006663890046e-10,1.199500208246564,587.7551020408164
490,491,3.8227815547471595e-10,1.1946192358584875,586.5580448065173
491,492,3.80725758477097e-10,1.189767995240928,585.3658536585366
492,493,3.791827985303375e-10,1.1849462454073048,584.1784989858012
493,494,3.776491992984642e-10,1.1801537478077004,582.995951417004
494,495,3.761248852157943e-10,1.1753902662993572,581.8181818181819
495,496,3.746097814776275e-10,1.1706555671175858,580.6451612903226
496,497,3.731038140310677e-10,1.1659494188470865,579.476861167002
497,498,3.716069095659747e-10,1.1612715923936712,578.3132530120482
498,499,3.7011899550604214e-10,1.1566218609563816,577.1543086172345
499,500,3.6864e-10,1.152,576.0
500,501,3.6716985191294056e-10,1.1474057872279393,574.8502994011976
501,502,3.657084808177648e-10,1.142839002555515,573.7051792828685
502,503,3.642558169867475e-10,1.1382994280835859,572.5646123260437
503,504,3.6281179138322e-10,1.1337868480725624,571.4285714285714
504,505,3.6137633565336733e-10,1.129301048916773,570.2970297029703
505,506,3.5994938211813964e-10,1.1248418191191865,569.1699604743083
506,507,3.585308637652743e-10,1.1204089492664822,568.0473372781065
507,508,3.5712071424142847e-10,1.116002232004464,566.9291338582677
508,509,3.557188678444193e-10,1.1116214620138103,565.8153241650294
509,510,3.543252595155709e-10,1.1072664359861593,564.7058823529412
510,511,3.529398248321659e-10,1.1029369526005186,563.600782778865
511,512,3.515625e-10,1.0986328125,562.5
512,513,3.501932218460381e-10,1.094353818268869,561.4035087719299
513,514,3.488319278111705e-10,1.0900997744099077,560.3112840466927
514,515,3.474785559430672e-10,1.085870487322085,559.2233009708738
515,516,3.4613304488912925e-10,1.0816657652785289,558.1395348837209
516,517,3.447953338895353e-10,1.0774854184047977,557.0599613152805
517,518,3.4346536277038205e-10,1.0733292586574439,555.984555984556
518,519,3.421430719369174e-10,1.0691970998028668,554.9132947976879
519,520,3.408284023668639e-10,1.0650887573964498,553.8461538461538
520,521,3.3952129560383286e-10,1.0610040487619778,552.7831094049905
521,522,3.3822169375082575e-10,1.0569427929713304,551.7241379310345
522,523,3.3692953946382283e-10,1.0529048108244463,550.6692160611855
523,524,3.3564477594545773e-10,1.0488899248295553,549.6183206106871
524,525,3.343673469387755e-10,1.0448979591836736,548.5714285714286
525,526,3.3309719672107446e-10,1.0409287397533578,547.5285171102662
526,527,3.318342700978292e-10,1.0369820940557162,546.4895635673624
527,528,3.305785123966942e-10,1.0330578512396693,545.4545454545455
528,529,3.2932986946158714e-10,1.0291558420674598,544.4234404536862
529,530,3.280882876468494e-10,1.0252758988964044,543.3962264150944
530,531,3.268537138114846e-10,1.0214178556608893,542.3728813559322
531,532,3.2562609531347164e-10,1.0175815478545989,541.3533834586466
532,533,3.244053800041536e-10,1.0137668125129802,540.3377110694183
533,534,3.2319151622269917e-10,1.0099734881959348,539.3258426966293
534,535,3.219844527906367e-10,1.00620141497074,538.3177570093458
535,536,3.207841390064602e-10,1.0024504343951883,537.3134328358209
536,537,3.195905246403046e-10,0.9987203895009519,536.3128491620112
537,538,3.1840355992869087e-10,0.9950111247771589,535.3159851301115
538,539,3.172231955693392e-10,0.9913224861541851,534.3228200371058
539,540,3.160493827160494e-10,0.9876543209876543,533.3333333333334
540,541,3.1488207297364706e-10,0.9840064780426471,532.3475046210721
541,542,3.1372121839299573e-10,0.9803788074781117,531.3653136531366
542,543,3.1256677146607245e-10,0.9767711608314764,530.3867403314918
543,544,3.114186851211073e-10,0.9731833910034602,529.4117647058823
544,545,3.102769127177847e-10,0.9696153522430772,528.440366972477
545,546,3.091414080425069e-10,0.9660669001328342,527.4725274725274
546,547,3.0801212530371747e-10,0.9625378915741171,526.5082266910421
547,548,3.068890191272843e-10,0.9590281847727636,525.5474452554745
548,549,3.057720445519424e-10,0.95553763922482,524.5901639344262
549,550,3.0466115702479337e-10,0.9520661157024793,523.6363636363636
550,551,3.03556312396863e-10,0.9486134762401969,522.6860254083484
551,552,3.0245746691871454e-10,0.945179584120983,521.7391304347826
552,553,3.0136457723611796e-10,0.9417643038628687,520.7956600361664
553,554,3.002776003857733e-10,0.9383675012055416,519.85559566787
554,555,2.9919649379108837e-10,0.9349890430971513,518.918918918919
555,556,2.981212152580094e-10,0.9316287976812795,517.9856115107914
556,557,2.97051722970904e-10,0.9282866342840751,517.0556552962298
557,558,2.9598797548849575e-10,0.9249624234015493,516.1290322580645
558,559,2.9492993173984975e-10,0.9216560366870306,515.2057245080501
559,560,2.9387755102040816e-10,0.9183673469387755,514.2857142857143
560,561,2.9283079298807515e-10,0.9150962280877348,513.3689839572193
561,562,2.917896176593508e-10,0.9118425551854713,512.4555160142348
562,563,2.9075398540551286e-10,0.9086062043922276,511.54529307282417
563,564,2.897238569488456e-10,0.9053870529651425,510.63829787234044
564,565,2.8869919335891614e-10,0.9021849792466129,509.7345132743363
565,566,2.876799560488956e-10,0.8989998626527987,508.8339222614841
566,567,2.866661067719269e-10,0.8958315836622714,507.93650793650795
567,568,2.856576076175362e-10,0.8926800238048006,507.0422535211268
568,569,2.846544210080893e-10,0.889545065650279,506.1511423550088
569,570,2.8365650969529085e-10,0.8864265927977839,505.2631578947368
570,571,2.826638367567269e-10,0.8833244898647716,504.3782837127846
571,572,2.816763655924495e-10,0.8802386424764047,503.4965034965035
572,573,2.80694059921603e-10,0.8771689372550094,502.6178010471204
573,574,2.797168837790916e-10,0.8741152618096614,501.74216027874564
574,575,2.787448015122873e-10,0.871077504725898,500.8695652173913
575,576,2.7777777777777777e-10,0.8680555555555556,500.0
576,577,2.768157775381538e-10,0.8650493048067306,499.13344887348353
577,578,2.758587660588355e-10,0.8620586439338609,498.2698961937716
578,579,2.7490670890493706e-10,0.8590834653279282,497.40932642487047
579,580,2.7395957193816886e-10,0.8561236623067776,496.55172413793105
580,581,2.7301732131377737e-10,0.8531791291055543,495.697074010327
581,582,2.7207992347752154e-10,0.8502497608672548,494.8453608247423
582,583,2.7114734516268544e-10,0.8473354536333921,493.9965694682676
583,584,2.7021955338712706e-10,0.844436104334772,493.1506849315069
584,585,2.692965154503616e-10,0.84155161078238,492.3076923076923
585,586,2.683781989306806e-10,0.8386818716583769,491.4675767918089
586,587,2.6746457168230454e-10,0.8358267865072018,490.63032367972744
587,588,2.6655560183256974e-10,0.8329862557267805,489.7959183673469
588,589,2.6565125777914856e-10,0.8301601805598393,488.9643463497453
589,590,2.647515081873025e-10,0.8273484630853203,488.135593220339
590,591,2.6385632198716794e-10,0.8245510062098997,487.3096446700508
591,592,2.6296566837107377e-10,0.8217677136596055,486.4864864864865
592,593,2.620795167908909e-10,0.8189984899715341,485.66610455311974
593,594,2.611978369554127e-10,0.8162432404856648,484.8484848484849
594,595,2.603205988277664e-10,0.81350187133677,484.03361344537814
595,596,2.594477726228548e-10,0.8107742894464214,483.22147651006713
596,597,2.5857932880482815e-10,0.808060402515088,482.41206030150755
597,598,2.577152380845852e-10,0.8053601190143287,481.60535117056855
598,599,2.5685547141730373e-10,0.8026733481790742,480.80133555926545
599,600,2.56e-10,0.8,480.0
600,601,2.551487952691161e-10,0.7973399852159878,479.2013311148086
601,602,2.543018288981358e-10,0.7946932153066744,478.40531561461796
602,603,2.534590727952278e-10,0.792059602485087,477.6119402985075
603,604,2.526204991009166e-10,0.7894390596903644,476.8211920529801
604,605,2.517860801857797e-10,0.7868315005805614,476.0330578512397
605,606,2.5095578864817175e-10,0.7842368395255367,475.2475247524753
606,607,2.5012959731197534e-10,0.7816549915999229,474.46457990115323
607,608,2.493074792243767e-10,0.7790858725761773,473.6842105263158
608,609,2.4848940765366786e-10,0.7765293989177121,472.9064039408867
609,610,2.4767535608707337e-10,0.7739854877721043,472.1311475409836
610,611,2.468652982286022e-10,0.7714540569643819,471.35842880523734
611,612,2.4605920799692427e-10,0.7689350249903883,470.5882352941176
612,613,2.452570595232709e-10,0.7664283110102217,469.8205546492659
613,614,2.444588271493597e-10,0.763933834841749,469.05537459283386
614,615,2.4366448542534205e-10,0.7614515169541939,468.2926829268293
615,616,2.428740091077753e-10,0.758981278461798,467.53246753246754
616,617,2.4208737315761683e-10,0.7565230411175526,466.77471636953
617,618,2.413045527382411e-10,0.7540767273070035,466.0194174757282
618,619,2.4052552321347947e-10,0.7516422600421233,465.2665589660743
619,620,2.397502601456816e-10,0.7492195629552549,464.51612903225805
620,621,2.3897873929379916e-10,0.7468085602931224,463.768115942029
621,622,2.3821093661149076e-10,0.7444091769109087,463.0225080385852
622,623,2.3744682824524835e-10,0.7420213382664012,462.2792937399679
623,624,2.366863905325444e-10,0.7396449704142012,461.53846153846155
624,625,2.359296e-10,0.73728,460.8
625,626,2.3517643336157353e-10,0.7349263542549174,460.06389776357827
626,627,2.344268675167693e-10,0.7325839609899041,459.33014354066984
627,628,2.336808795488661e-10,0.7302527485902065,458.5987261146497
628,629,2.329384467231657e-10,0.7279326460098928,457.8696343402226
629,630,2.3219954648526077e-10,0.7256235827664399,457.14285714285717
630,631,2.3146415645932173e-10,0.7233254889353804,456.418383518225
631,632,2.3073225444640281e-10,0.7210382951450088,455.69620253164555
632,633,2.300038184227668e-10,0.7187619325711462,454.97630331753555
633,634,2.2927882653822806e-10,0.7164963329319627,454.25867507886437
634,635,2.2855725711451423e-10,0.714241428482857,453.54330708661416
635,636,2.2783908864364542e-10,0.7119971520113919,452.8301886792453
636,637,2.2712429978633164e-10,0.7097634368322864,452.1193092621664
637,638,2.2641286937038748e-10,0.7075402167824608,451.41065830721004
638,639,2.257047763891644e-10,0.7053274262161388,450.7042253521127
639,640,2.25e-10,0.703125,450.0
640,641,2.2429851952268418e-10,0.7009328735083881,449.2979719188768
641,642,2.2360031443794216e-10,0.6987509826185693,448.5981308411215
642,643,2.2290536438593393e-10,0.6965792637060435,447.900466562986
643,644,2.2221364916476986e-10,0.6944176536399058,447.2049689440994
644,645,2.2152514872904272e-10,0.6922660897782585,446.51162790697674
645,646,2.2083984318837524e-10,0.6901245099636726,445.8204334365325
646,647,2.2015771280598363e-10,0.6879928525186988,445.13137557959817
647,648,2.194787379972565e-10,0.6858710562414266,444.44444444444446
648,649,2.1880289932834917e-10,0.6837590604010911,443.75963020030815
649,650,2.181301775147929e-10,0.6816568047337278,443.0769230769231
650,651,2.1746055342011934e-10,0.679564229437873,442.3963133640553
651,652,2.167940080544996e-10,0.6774812751703113,441.7177914110429
652,653,2.1613052257339784e-10,0.6754078830418683,441.04134762634
653,654,2.1547007827623938e-10,0.673343994613248,440.3669724770642
654,655,2.1481265660509295e-10,0.6712895518909154,439.69465648854964
655,656,2.1415823914336703e-10,0.669244497323022,439.0243902439024
656,657,2.1350680761452012e-10,0.6672087737953754,438.35616438356163
657,658,2.1285834388078454e-10,0.6651823246274517,437.6899696048632
658,659,2.1221282994190398e-10,0.6631650935684499,437.0257966616085
659,660,2.115702479338843e-10,0.6611570247933884,436.3636363636364
660,661,2.1093058012775765e-10,0.6591580628992426,435.7034795763994
661,662,2.1029380892835954e-10,0.6571681529011236,435.0453172205438
662,663,2.096599168731189e-10,0.6551872402284965,434.3891402714932
663,664,2.090288866308608e-10,0.6532152707214399,433.73493975903614
664,665,2.0840070100062184e-10,0.6512521906269433,433.0827067669173
665,666,2.0777534291047805e-10,0.6492979465952439,432.43243243243245
666,667,2.0715279541638475e-10,0.6473524856762024,431.784107946027
667,668,2.0653304170102908e-10,0.6454157553157158,431.1377245508982
668,669,2.05916065072694e-10,0.6434877033521688,430.4932735426009
669,670,2.0530184896413454e-10,0.6415682780129205,429.85074626865674
670,671,2.046903769314656e-10,0.63965742791083,429.21013412816694
671,672,2.0408163265306123e-10,0.6377551020408163,428.57142857142856
672,673,2.034755999284656e-10,0.6358612497764551,427.93462109955425
673,674,2.028722626773151e-10,0.6339758208666098,427.29970326409494
674,675,2.022716049382716e-10,0.6320987654320988,426.6666666666667
675,676,2.016736108679668e-10,0.6302300339623963,426.03550295857985
676,677,2.0107826473995754e-10,0.6283695773123673,425.4062038404727
677,678,2.0048555094369174e-10,0.6265173466990367,424.7787610619469
678,679,1.9989545398348519e-10,0.6246732936983912,424.1531664212077
679,680,1.9930795847750865e-10,0.6228373702422145,423.52941176470586
680,681,1.987230491567855e-10,0.6210095286149547,422.90748898678413
681,682,1.9814071086419964e-10,0.6191897214506239,422.28739002932554
682,683,1.9756092855351357e-10,0.61737790172973,421.6691068814056
683,684,1.9698368728839643e-10,0.6155740227762388,421.05263157894734
684,685,1.9640897224146198e-10,0.6137780382545687,420.4379562043796
685,686,1.9583676869331657e-10,0.6119899021666142,419.8250728862974
686,687,1.9526706203161648e-10,0.6102095688488015,419.2139737991266
687,688,1.9469983775013521e-10,0.6084369929691725,418.6046511627907
688,689,1.9413508144783989e-10,0.6066721295244997,417.9970972423803
689,690,1.9357277882797731e-10,0.6049149338374291,417.39130434782606
690,691,1.930129156971691e-10,0.6031653615536534,416.7872648335745
691,692,1.92455477964516e-10,0.6014233686391126,416.1849710982659
692,693,1.9190045164071137e-10,0.599688911377223,415.5844155844156
693,694,1.9134782283716333e-10,0.5979619463661354,414.98559077809796
694,695,1.9079757776512603e-10,0.5962424305160189,414.3884892086331
695,696,1.9024970273483948e-10,0.5945303210463734,413.7931034482759
696,697,1.8970418415467808e-10,0.592825575483369,413.19942611190817
697,698,1.8916100853030762e-10,0.5911281516572113,412.6074498567335
698,699,1.8862016246385088e-10,0.589438007699534,412.0171673819743
699,700,1.880816326530612e-10,0.5877551020408164,411.42857142857144
700,701,1.875454058905049e-10,0.5860793934078278,410.8416547788873
701,702,1.870114690627511e-10,0.5844108408210972,410.2564102564103
702,703,1.8647980914957033e-10,0.5827494035924072,409.6728307254623
703,704,1.859504132231405e-10,0.581095041322314,409.09090909090907
704,705,1.854232684472612e-10,0.5794477138976912,408.51063829787233
705,706,1.8489836207657552e-10,0.5778073814892986,407.93201133144476
706,707,1.8437568145579965e-10,0.576174004549374,407.35502121640735
707,708,1.8385521401896005e-10,0.5745475438092502,406.77966101694915
708,709,1.8333694728863833e-10,0.5729279602769948,406.2059238363893
709,710,1.8282086887522316e-10,0.5713152152350724,405.63380281690144
710,711,1.8230696647617012e-10,0.5697092702380316,405.0632911392405
711,712,1.8179522787526827e-10,0.5681100871102134,404.4943820224719
712,713,1.8128564094191423e-10,0.566517627943482,403.9270687237027
713,714,1.8077819363039334e-10,0.5649318550949791,403.3613445378151
714,715,1.802728739791677e-10,0.563352731184899,402.7972027972028
715,716,1.7976967011017135e-10,0.5617802190942854,402.23463687150837
716,717,1.7926857022811225e-10,0.5602142819628508,401.673640167364
717,718,1.7876956261978104e-10,0.5586548831868158,401.11420612813373
718,719,1.782726356533665e-10,0.5571019864167703,400.55632823365784
719,720,1.7777777777777778e-10,0.5555555555555556,400.0
720,721,1.7728497752197307e-10,0.5540155547561658,399.44521497919555
721,722,1.7679422349429486e-10,0.5524819484196715,398.8919667590028
722,723,1.763055043818116e-10,0.5509547011931613,398.3402489626556
723,724,1.7581880894966575e-10,0.5494337779677055,397.7900552486188
724,725,1.7533412604042806e-10,0.5479191438763377,397.2413793103448
725,726,1.7485144457345808e-10,0.5464107642920566,396.6942148760331
726,727,1.74370753544271e-10,0.5449086048258468,396.14855570839063
727,728,1.7389204202391016e-10,0.5434126313247193,395.6043956043956
728,729,1.7341529915832613e-10,0.5419228098697692,395.0617283950617
729,730,1.729405141677613e-10,0.5404391067742541,394.52054794520546
730,731,1.7246767634614053e-10,0.5389614885816891,393.98084815321477
731,732,1.719967750604676e-10,0.5374899220639613,393.44262295081967
732,733,1.7152779975022754e-10,0.536024374219461,392.9058663028649
733,734,1.7106073992679432e-10,0.5345648122712322,392.3705722070845
734,735,1.7059558517284465e-10,0.5331112036651395,391.83673469387753
735,736,1.7013232514177692e-10,0.531663516068053,391.30434782608694
736,737,1.69670949557136e-10,0.53022171736605,390.77340569877884
737,738,1.6921144821204308e-10,0.5287857756626346,390.2439024390244
738,739,1.687538109686315e-10,0.5273556592769734,389.71583220568334
739,740,1.6829802775748722e-10,0.5259313367421475,389.18918918918916
740,741,1.678440885770952e-10,0.5245127768034225,388.66396761133603
741,742,1.6739198349329052e-10,0.5230999484165328,388.1401617250674
742,743,1.6694170263871504e-10,0.5216928207459846,387.6177658142665
743,744,1.6649323621227886e-10,0.5202913631633714,387.0967741935484
744,745,1.6604657447862708e-10,0.5188955452457097,386.5771812080537
745,746,1.6560170776761134e-10,0.5175053367737855,386.05898123324397
746,747,1.6515862647376656e-10,0.5161207077305204,385.5421686746988
747,748,1.6471732105579227e-10,0.5147416282993509,385.0267379679144
748,749,1.6427778203603915e-10,0.5133680688626223,384.51268357810414
749,750,1.6384e-10,0.512,384.0
750,751,1.634039655958057e-10,0.5106373924868928,383.4886817576565
751,752,1.6296966953372567e-10,0.5092802172928927,382.97872340425533
752,753,1.6253710258567325e-10,0.5079284455802289,382.47011952191235
753,754,1.621062555847153e-10,0.5065820487022353,381.9628647214854
754,755,1.6167711942458664e-10,0.5052409982018332,381.4569536423841
755,756,1.6124968505920887e-10,0.5039052658100277,380.95238095238096
756,757,1.6082394350221359e-10,0.5025748234444175,380.449141347424
757,758,1.6039988582647016e-10,0.5012496432077193,379.9472295514512
758,759,1.599775031636176e-10,0.49992969738630505,379.44664031620556
759,760,1.595567867036011e-10,0.4986149584487535,378.94736842105266
760,761,1.5913772769421243e-10,0.49730539904441384,378.44940867279894
761,762,1.587203174406349e-10,0.496000992001984,377.9527559055118
762,763,1.583045473049922e-10,0.4947017103281006,377.45740498034075
763,764,1.578904087059017e-10,0.49340752720594283,376.9633507853403
764,765,1.5747789311803151e-10,0.49211841599384853,376.47058823529414
765,766,1.570669920716618e-10,0.49083435022394317,375.9791122715405
766,767,1.5665769715225e-10,0.48955530360078126,375.4889178617992
767,768,1.5625e-10,0.48828125,375.0
768,769,1.5584389230943534e-10,0.4870121634669855,374.5123537061118
769,770,1.554393658289762e-10,0.4857480182155507,374.02597402597405
770,771,1.5503641236052022e-10,0.4844887886266257,373.5408560311284
771,772,1.5463502375902708e-10,0.48323444924695963,373.05699481865287
772,773,1.5423519193210705e-10,0.4819849747878346,372.57438551099614
773,774,1.53836908839613e-10,0.48074034012379063,372.09302325581393
774,775,1.5344016649323621e-10,0.47950052029136314,371.61290322580646
775,776,1.5304495695610585e-10,0.4782654904878308,371.1340206185567
776,777,1.5265127234239202e-10,0.4770352260699751,370.65637065637065
777,778,1.5225910481691238e-10,0.4758097025528512,370.17994858611826
778,779,1.5186844659474227e-10,0.47458889560856965,369.70474967907575
779,780,1.514792899408284e-10,0.47337278106508873,369.2307692307692
780,781,1.5109162716960592e-10,0.4721613349050185,368.7580025608195
781,782,1.5070545064461902e-10,0.4709545332644344,368.28644501278774
782,783,1.5032075277814478e-10,0.46975235243170244,367.81609195402297
783,784,1.499375260308205e-10,0.46855476884631403,367.3469387755102
784,785,1.495557629112743e-10,0.46736175909773214,366.8789808917197
785,786,1.49175455975759e-10,0.46617329992424683,366.412213740458
786,787,1.4879659782778925e-10,0.4649893682118414,365.9466327827192
787,788,1.4841918111778196e-10,0.4638099409930686,365.48223350253807
788,789,1.4804319854269977e-10,0.4626349954459368,365.01901140684413
789,790,1.476686428456978e-10,0.46146450889280566,364.55696202531647
790,791,1.4729550681577354e-10,0.46029845879929226,364.0960809102402
791,792,1.4692378328741966e-10,0.4591368227731864,363.6363636363636
792,793,1.465534651402801e-10,0.4579795785633753,363.17780580075663
793,794,1.4618454529880908e-10,0.45682670405877834,362.72040302267004
794,795,1.4581701673193307e-10,0.4556781772872909,362.2641509433962
795,796,1.4545087245271583e-10,0.45453397641473703,361.80904522613065
796,797,1.4508610551802634e-10,0.45339407974383233,361.3550815558344
797,798,1.4472270902820962e-10,0.4522584657131551,360.90225563909775
798,799,1.4436067612676045e-10,0.4511271128961264,360.450563204005
799,800,1.44e-10,0.45,360.0
800,801,1.4364067387675518e-10,0.44887710586485996,359.55056179775283
801,802,1.4328269102804086e-10,0.44775840946262774,359.1022443890274
802,803,1.4292604476674487e-10,0.44664388989607773,358.65504358655045
803,804,1.4257072844731566e-10,0.4455335263978614,358.2089552238806
804,805,1.4221673546545273e-10,0.44442729832953975,357.7639751552795
805,806,1.4186405925779974e-10,0.44332518518062425,357.3200992555831
806,807,1.415126933016404e-10,0.44222716656762623,356.87732342007433
807,808,1.411626311145966e-10,0.4411332222331144,356.43564356435644
808,809,1.4081386625432976e-10,0.4400433320447805,355.99505562422746
809,810,1.4046639231824416e-10,0.438957475994513,355.55555555555554
810,811,1.4012020294319324e-10,0.4378756341974789,355.11713933415535
811,812,1.397752918051882e-10,0.43679778689121307,354.679802955665
812,813,1.3943165261910922e-10,0.4357239144347163,354.24354243542433
813,814,1.3908927913841917e-10,0.43465399730755994,353.8083538083538
814,815,1.3874816515487975e-10,0.4335880161089992,353.37423312883436
815,816,1.384083044982699e-10,0.43252595155709345,352.94117647058823
816,817,1.3806969103610695e-10,0.43146778448783424,352.5091799265606
817,818,1.3773231867336995e-10,0.4304134958542811,352.07823960880194
818,819,1.3739618135222532e-10,0.42936306672570407,351.64835164835165
819,820,1.370612730517549e-10,0.4283164782867341,351.219512195122
820,821,1.367275877876865e-10,0.42727371183652035,350.7917174177832
821,822,1.3639511961212637e-10,0.4262347487878949,350.3649635036496
822,823,1.3606386261329429e-10,0.4251995706665446,349.9392466585662
823,824,1.3573381091526063e-10,0.42416815911018946,349.5145631067961
824,825,1.3540495867768594e-10,0.4231404958677686,349.09090909090907
825,826,1.350773000955625e-10,0.4221165627986328,348.6682808716707
826,827,1.3475082939895808e-10,0.421096341871744,348.24667472793226
827,828,1.3442554085276203e-10,0.42007981516488135,347.82608695652175
828,829,1.3410142875643333e-10,0.41906696486385414,347.4065138721351
829,830,1.337784874437509e-10,0.4180577732617216,346.9879518072289
830,831,1.3345671128256592e-10,0.41705222275801845,346.57039711191334
831,832,1.331360946745562e-10,0.41605029585798814,346.15384615384613
832,833,1.3281663205498286e-10,0.4150519751718214,345.73829531812726
833,834,1.3249831789244864e-10,0.414057243413902,345.32374100719426
834,835,1.321811466886586e-10,0.41306608340205814,344.9101796407186
835,836,1.3186511297818272e-10,0.412078478056821,344.4976076555024
836,837,1.3155021132822036e-10,0.41109441040068856,344.0860215053763
837,838,1.3123643633836672e-10,0.410113863557396,343.67541766109787
838,839,1.3092378264038151e-10,0.40913682075119223,343.2657926102503
839,840,1.3061224489795918e-10,0.40816326530612246,342.85714285714283
840,841,1.3030181780650124e-10,0.40719318064531634,342.44946492271106
841,842,1.2999249609289047e-10,0.4062265502902827,342.042755344418
842,843,1.2968427451526702e-10,0.40526335786020945,341.6370106761566
843,844,1.293771478628063e-10,0.40430358707126973,341.23222748815164
844,845,1.2907111095549874e-10,0.4033472217359336,340.8284023668639
845,846,1.287661586439314e-10,0.4023942457622856,340.4255319148936
846,847,1.2846228580907126e-10,0.40144464315334766,340.0236127508855
847,848,1.2815948736205054e-10,0.40049839800640796,339.62264150943395
848,849,1.278577582439536e-10,0.399555494512355,339.2226148409894
849,850,1.2755709342560554e-10,0.3986159169550173,338.8235294117647
850,851,1.2725748790736273e-10,0.39767964971050856,338.4253819036428
851,852,1.2695893671890497e-10,0.3967466772465781,338.0281690140845
852,853,1.2666143491902932e-10,0.3958169841219666,337.63188745603753
853,854,1.263649775954456e-10,0.3948905549857675,337.23653395784544
854,855,1.2606955986457372e-10,0.3939673745767929,336.8421052631579
855,856,1.2577517687134248e-10,0.3930474277229452,336.4485981308411
856,857,1.254818237889901e-10,0.3921306993405941,336.05600933488915
857,858,1.2518949581886645e-10,0.39121717443395765,335.6643356643357
858,859,1.2489818819023664e-10,0.3903068380944895,335.27357392316645
859,860,1.2460789616008654e-10,0.38939967550027044,334.8837209302326
860,861,1.243186150129296e-10,0.38849567191540507,334.49477351916374
861,862,1.240303400606155e-10,0.38759481268942353,334.10672853828305
862,863,1.2374306664214005e-10,0.38669708325668767,333.7195828505214
863,864,1.2345679012345679e-10,0.38580246913580246,333.3333333333333
864,865,1.2317150589729025e-10,0.384910955929032,332.94797687861274
865,866,1.2288720938295046e-10,0.3840225293217202,332.5635103926097
866,867,1.2260389602614911e-10,0.38313717508171596,332.1799307958477
867,868,1.2232156129881712e-10,0.38225487905880356,331.7972350230415
868,869,1.2204020069892381e-10,0.38137562718413687,331.415420023015
869,870,1.2175980975029726e-10,0.380499405469679,331.0344827586207
870,871,1.2148038400244648e-10,0.37962620000764524,330.65442020665904
871,872,1.2120191903038465e-10,0.37875599696995205,330.27522935779814
872,873,1.20924410434454e-10,0.3778887826076688,329.89690721649487
873,874,1.2064785384015206e-10,0.3770245432504752,329.5194508009153
874,875,1.2037224489795917e-10,0.37616326530612243,329.14285714285717
875,876,1.2009757928316758e-10,0.37530493525989866,328.7671232876712
876,877,1.1982385269571163e-10,0.3744495396740989,328.3922462941847
877,878,1.1955106085999968e-10,0.373597065187499,328.01822323462414
878,879,1.1927919952474695e-10,0.3727474985148342,327.64505119453923
879,880,1.1900826446280992e-10,0.371900826446281,327.27272727272725
880,881,1.1873825147102213e-10,0.3710570358469441,326.9012485811578
881,882,1.18469156370031e-10,0.3702161136563469,326.53061224489795
882,883,1.1820097500413626e-10,0.3693780468879258,326.1608154020385
883,884,1.1793370324112938e-10,0.36854282262852933,325.7918552036199
884,885,1.1766733697213443e-10,0.36771042803792015,325.4237288135593
885,886,1.1740187211145026e-10,0.36688085034828205,325.0564334085779
886,887,1.171373045963936e-10,0.36605407686373004,324.68996617812854
887,888,1.168736303871439e-10,0.36523009495982467,324.3243243243243
888,889,1.166108454665889e-10,0.3644088920830903,323.9595050618673
889,890,1.163489458401717e-10,0.36359045575053656,323.59550561797755
890,891,1.1608792753573898e-10,0.3627747735491843,323.2323232323232
891,892,1.1582778660339038e-10,0.36196183313559493,322.86995515695065
892,893,1.15568519115329e-10,0.36115162223540315,322.508398656215
893,894,1.1531012116571325e-10,0.3603441286428539,322.1476510067114
894,895,1.1505258887050965e-10,0.3595393402203427,321.7877094972067
895,896,1.1479591836734693e-10,0.35873724489795916,321.42857142857144
896,897,1.1454010581537119e-10,0.357937830673035,321.0702341137124
897,898,1.1428514739510221e-10,0.3571410856096944,320.71269487750556
898,899,1.1403103930829088e-10,0.356346997838409,320.3559510567297
899,900,1.1377777777777778e-10,0.35555555555555557,320.0
900,901,1.1352535904735274e-10,0.3547667470229773,319.64483906770255
901,902,1.1327377938161563e-10,0.35398056056754884,319.29046563192907
902,903,1.1302303506583812e-10,0.35319698458074417,318.936877076412
903,904,1.127731224058266e-10,0.3524160075182082,318.5840707964602
904,905,1.1252403772778609e-10,0.3516376178993315,318.23204419889504
905,906,1.1227577737818516e-10,0.3508618043068287,317.88079470198676
906,907,1.120283377236221e-10,0.35008855538631906,317.5303197353914
907,908,1.1178171515069184e-10,0.349317859845912,317.1806167400881
908,909,1.1153590606585411e-10,0.3485497064557941,316.83168316831683
909,910,1.112909068953025e-10,0.3477840840478203,316.4835164835165
910,911,1.1104671408483458e-10,0.3470209815151081,316.13611416026345
911,912,1.10803324099723e-10,0.3462603878116344,315.7894736842105
912,913,1.1056073342458752e-10,0.345502291951836,315.4435925520263
913,914,1.1031893856326819e-10,0.3447466830102131,315.0984682713348
914,915,1.1007793603869928e-10,0.34399355012093524,314.75409836065575
915,916,1.0983772239278427e-10,0.34324288247745083,314.410480349345
916,917,1.0959829418627191e-10,0.3424946693320997,314.06761177753543
917,918,1.0935964799863301e-10,0.34174889999572816,313.72549019607845
918,919,1.091217804279383e-10,0.3410055638373072,313.3841131664853
919,920,1.0888468809073724e-10,0.34026465028355385,313.04347826086956
920,921,1.0864836762193763e-10,0.3395261488185551,312.7035830618893
921,922,1.0841281567468627e-10,0.3387900489833946,312.3644251626898
922,923,1.081780289202504e-10,0.33805634037578247,312.02600216684726
923,924,1.0794400404790014e-10,0.33732501264968795,311.68831168831167
924,925,1.0771073776479182e-10,0.33659605551497446,311.35135135135135
925,926,1.0747822679585201e-10,0.33586945873703755,311.0151187904968
926,927,1.0724646788366272e-10,0.335145212136446,310.6796116504854
927,928,1.070154577883472e-10,0.334423305588585,310.3448275862069
928,929,1.0678519328745679e-10,0.3337037290233025,310.010764262648
929,930,1.0655567117585848e-10,0.33298647242455776,309.6774193548387
930,931,1.063268882656234e-10,0.33227152583007313,309.3447905477981
931,932,1.0609884138591611e-10,0.3315588793309879,309.0128755364807
932,933,1.058715273828848e-10,0.33084852307151497,308.68167202572346
933,934,1.056449431195521e-10,0.33014044724860037,308.3511777301927
934,935,1.0541908547570705e-10,0.3294346421115845,308.02139037433153
935,936,1.051939513477975e-10,0.32873109796186717,307.6923076923077
936,937,1.0496953764882359e-10,0.32802980515257374,307.3639274279616
937,938,1.0474584130823191e-10,0.3273307540882247,307.0362473347548
938,939,1.0452285927181047e-10,0.3266339352244077,306.7092651757188
939,940,1.0430058850158443e-10,0.3259393390674513,306.3829787234043
940,941,1.0407902597571263e-10,0.325246956174102,306.05738575982997
941,942,1.0385816868838492e-10,0.3245567771512029,305.73248407643314
942,943,1.0363801364972015e-10,0.3238687926553755,305.4082714740191
943,944,1.0341855788566504e-10,0.32318299339270323,305.08474576271186
944,945,1.0319979843789368e-10,0.3224993701184177,304.76190476190476
945,946,1.0298173236370787e-10,0.3218179136365871,304.4397463002114
946,947,1.0276435673593819e-10,0.3211386147998069,304.1182682154171
947,948,1.025476686428457e-10,0.3204614645088928,303.7974683544304
948,949,1.0233166518802444e-10,0.31978645371257636,303.477344573235
949,950,1.0211634349030471e-10,0.3191135734072022,303.1578947368421
950,951,1.0190170068365692e-10,0.3184428146364279,302.8391167192429
951,952,1.0168773391709625e-10,0.31777416849092577,302.52100840336135
952,953,1.0147444035458798e-10,0.31710762610808746,302.20356768100737
953,954,1.0126181717495352e-10,0.3164431786717298,301.8867924528302
954,955,1.0104986157177709e-10,0.3157808174118034,301.57068062827227
955,956,1.0083857075331314e-10,0.3151205336041036,301.255230125523
956,957,1.0062794194239444e-10,0.3144623185699826,300.94043887147336
957,958,1.0041797237634075e-10,0.3138061636760649,300.62630480167013
958,959,1.0020865930686836e-10,0.31315206033396364,300.3128258602711
959,960,1e-10,0.3125,300.0
960,961,9.979199173597568e-11,0.311849974174924,299.68782518210196
961,962,9.958463180916404e-11,0.3112019744036376,299.37629937629936
962,963,9.93779175279743e-11,0.3105559922749197,299.06542056074767
963,964,9.917184621476903e-11,0.3099120194211532,298.7551867219917
964,965,9.896641520577733e-11,0.3092700475180542,298.44559585492226
965,966,9.876162185100883e-11,0.3086300682844026,298.1366459627329
966,967,9.855746351416816e-11,0.30799207348177554,297.82833505687694
967,968,9.835393757257017e-11,0.3073560549142818,297.5206611570248
968,969,9.815104141705566e-11,0.30672200442829894,297.2136222910217
969,970,9.794877245190775e-11,0.3060899139122117,296.9072164948454
970,971,9.774712809476889e-11,0.3054597752961528,296.60144181256436
971,972,9.754610577655845e-11,0.30483158055174514,296.2962962962963
972,973,9.734570294139083e-11,0.30420532169184633,295.9917780061665
973,974,9.714591704649427e-11,0.3035809907702946,295.68788501026694
974,975,9.694674556213018e-11,0.3029585798816568,295.38461538461536
975,976,9.674818597151304e-11,0.3023380811609782,295.08196721311475
976,977,9.65502357707309e-11,0.30171948678353405,294.7799385875128
977,978,9.635289246866648e-11,0.30110278896458276,294.47852760736197
978,979,9.615615358691876e-11,0.30048797995912113,294.17773237997955
979,980,9.596001665972512e-11,0.299875052061641,293.8775510204082
980,981,9.576447923388416e-11,0.299263997605888,293.57798165137615
981,982,9.556953886867899e-11,0.2986548089646219,293.27902240325864
982,983,9.537519313580099e-11,0.2980474785493781,292.9806714140387
983,984,9.518143961927424e-11,0.297441998810232,292.6829268292683
984,985,9.498827591538046e-11,0.2968383622355639,292.38578680203045
985,986,9.479569963258437e-11,0.2962365613518262,292.0892494929006
986,987,9.46037083914598e-11,0.2956365887233119,291.79331306990883
987,988,9.441229982461605e-11,0.2950384369519251,291.497975708502
988,989,9.422147157662498e-11,0.29444209867695303,291.2032355915066
989,990,9.403122130394857e-11,0.2938475665748393,290.90909090909093
990,991,9.384154667486694e-11,0.2932548333589592,290.61553985872854
991,992,9.365244536940687e-11,0.29266389177939645,290.3225806451613
992,993,9.346391507927091e-11,0.2920747346227216,290.03021148036254
993,994,9.327595350776692e-11,0.2914873547117716,289.738430583501
994,995,9.308855836973813e-11,0.2909017449054317,289.4472361809045
995,996,9.290172739149368e-11,0.2903178980984178,289.1566265060241
996,997,9.271545831073964e-11,0.2897358072210614,288.8665997993982
997,998,9.252974887651054e-11,0.2891554652390954,288.57715430861725
998,999,9.234459684910136e-11,0.2885768651534417,288.2882882882883
